Title,Genre,Premiere,Runtime,IMDB Score,Language
Enter the Anime,Documentary,5-Aug-2019,58,2.5,English/Japanese
Dark Forces,Thriller,21-Aug-2020,81,2.6,Spanish
The App,Science fiction/Drama,26-Dec-2019,79,2.6,Italian
The Open House,Horror thriller,19-Jan-2018,94,3.2,English
Kaali Khuhi,Mystery,30-Oct-2020,90,3.4,Hindi
Drive,Action,1-Nov-2019,147,3.5,Hindi
Leyla Everlasting,Comedy,4-Dec-2020,112,3.7,Turkish
The Last Days of American Crime,Heist film/Thriller,5-Jun-2020,149,3.7,English
Paradox,Musical/Western/Fantasy,23-Mar-2018,73,3.9,English
Sardar Ka Grandson,Comedy,18-May-2021,139,4.1,Hindi
Searching for Sheela,Documentary,22-Apr-2021,58,4.1,English
The Call,Drama,27-Nov-2020,112,4.1,Korean
Whipped,Romantic comedy,18-Sep-2020,97,4.1,Indonesian
All Because of You,Action comedy,1-Oct-2020,101,4.2,Malay
Mercy,Thriller,22-Nov-2016,90,4.2,English
After the Raid,Documentary,19-Dec-2019,25,4.3,Spanish
Ghost Stories,Horror anthology,1-Jan-2020,144,4.3,Hindi
The Last Thing He Wanted,Political thriller,21-Feb-2020,115,4.3,English
What Happened to Mr. Cha?,Comedy,1-Jan-2021,102,4.3,Korean
Death Note,Horror thriller,25-Aug-2017,100,4.4,English
"Hello Privilege. It's Me, Chelsea",Documentary,13-Sep-2019,64,4.4,English
Secret Obsession,Thriller,18-Jul-2019,97,4.4,English
Sextuplets,Comedy,16-Aug-2019,99,4.4,English
The Girl on the Train,Thriller,26-Feb-2021,120,4.4,Hindi
Thunder Force,Superhero-Comedy,9-Apr-2021,105,4.4,English
Fatal Affair,Thriller,16-Jul-2020,89,4.5,English
Just Say Yes,Romantic comedy,2-Apr-2021,97,4.5,Dutch
Seriously Single,Comedy,31-Jul-2020,107,4.5,English
The Misadventures of Hedi and Cokeman,Comedy,10-Feb-2021,99,4.5,French
5 Star Christmas,Comedy,7-Dec-2018,95,4.6,Italian
After Maria,Documentary,24-May-2019,37,4.6,English/Spanish
I Am the Pretty Thing That Lives in the House,Horror,28-Oct-2016,89,4.6,English
Paris Is Us,Romance drama,22-Feb-2019,83,4.6,French
Porta dos Fundos: The First Temptation of Christ,Comedy,3-Dec-2019,46,4.6,Portuguese
Rattlesnake,Horror,25-Oct-2019,85,4.6,English
The Players,Comedy,15-Jul-2020,88,4.6,Italian
We Are One,Documentary,14-Jul-2020,86,4.6,French
Finding Agnes,Drama,30-Nov-2020,105,4.7,Filipino
IO,Science fiction/Drama,18-Jan-2019,95,4.7,English
Sentinelle,Action,5-Mar-2021,80,4.7,French
Sol Levante,Anime / Short,2-Apr-2020,4,4.7,English
The Binding,Drama,2-Oct-2020,93,4.7,Italian
We Can Be Heroes,Superhero,25-Dec-2020,100,4.7,English
Christmas Crossfire,Thriller,4-Dec-2020,106,4.8,German
Coin Heist,Heist,6-Jan-2017,97,4.8,English
Mrs. Serial Killer,Thriller,1-May-2020,106,4.8,Hindi
Nobody Sleeps in the Woods Tonight,Horror,28-Oct-2020,103,4.8,Polish
Take the 10,Comedy,20-Jan-2017,80,4.8,English
The Main Event,Comedy,10-Apr-2020,101,4.8,English
The Ridiculous 6,Western,11-Dec-2015,119,4.8,English
Earth and Blood,Action,17-Apr-2020,80,4.9,French
Fearless,Animation/Superhero,14-Aug-2020,89,4.9,English
Holiday Rush,Family film,28-Nov-2019,94,4.9,English
The Day of the Lord,Drama,30-Oct-2020,93,4.9,Spanish
Airplane Mode,Comedy,23-Jan-2020,96,5,Portuguese
How It Ends,Action-thriller,13-Jul-2018,113,5,English
Love Like the Falling Rain,Drama,15-Oct-2020,86,5,Indonesian
Rebirth,Thriller,15-Jul-2016,100,5,English
Squared Love,Romantic comedy,11-Feb-2021,102,5,Polish
Cadaver,Horror,22-Oct-2020,86,5.1,Norwegian
Clinical,Thriller,13-Jan-2017,104,5.1,English
Coffee & Kareem,Action comedy,3-Apr-2020,88,5.1,English
Dude,Teen comedy-drama,20-Apr-2018,97,5.1,English
Geez & Ann,Romantic drama,25-Feb-2021,105,5.1,Indonesian
The Larva Island Movie,Animation,23-Jul-2020,90,5.1,English
#REALITYHIGH,Comedy,8-Sep-2017,99,5.2,English
American Factory: A Conversation with the Obamas ,Aftershow / Interview,21-Aug-2019,10,5.2,English
Desperados,Romantic comedy,3-Jul-2020,106,5.2,English
Dolly Parton's Christmas on the Square,Christmas musical,22-Nov-2020,98,5.2,English
Father of the Year,Comedy,20-Jul-2018,94,5.2,English
Firebrand,Drama,22-Feb-2019,112,5.2,Marathi
Ghost Lab,Horror,26-May-2021,117,5.2,Thai
Girlfriend's Day,Comedy,14-Feb-2017,70,5.2,English
Handsome: A Netflix Mystery Movie,Comedy,5-May-2017,81,5.2,English
Hubie Halloween,Comedy,7-Oct-2020,103,5.2,English
Ibiza,Comedy,25-May-2018,94,5.2,English
Rim of the World,Science fiction adventure,24-May-2019,98,5.2,English
Sandy Wexler,Comedy,14-Apr-2017,131,5.2,English
See You Yesterday,Science fiction,17-May-2019,87,5.2,English
Still Laugh-In: The Stars Celebrate,Variety show,14-May-2019,60,5.2,English
"Strip Down, Rise Up",Documentary,5-Feb-2021,112,5.2,English
Tall Girl,Comedy-drama,13-Sep-2019,102,5.2,English
The Beast,Drama,27-Nov-2020,99,5.2,Italian
The Week Of,Comedy,27-Apr-2018,116,5.2,English
A Christmas Prince: The Royal Wedding,Romantic comedy,30-Nov-2018,92,5.3,English
Back to School,Comedy,30-Aug-2019,83,5.3,French
Dangerous Lies,Thriller,30-Apr-2020,97,5.3,English
Gunjan Saxena: The Kargil Girl,Drama,12-Aug-2020,112,5.3,Hindi
Intuition,Thriller,28-May-2020,116,5.3,Spanish
The Most Assassinated Woman in the World,Thriller,7-Sep-2018,102,5.3,French
Things Heard & Seen,Horror,29-Apr-2021,121,5.3,English
"To Each, Her Own",Romantic comedy,24-Jun-2018,95,5.3,French
Who Would You Take to a Deserted Island?,Drama,12-Apr-2019,93,5.3,Spanish
XOXO,Drama,26-Aug-2016,92,5.3,English
A Babysitter's Guide to Monster Hunting,Comedy/Fantasy/Family,15-Oct-2020,98,5.4,English
A Christmas Prince: The Royal Baby,Romantic comedy,5-Dec-2019,85,5.4,English
Despite Everything,Comedy,3-May-2019,78,5.4,Spanish
Dolly Kitty and Those Twinkling Stars,Drama,18-Sep-2020,120,5.4,Hindi
Freaks: You're One of Us,Supernatural drama,2-Sep-2020,92,5.4,German
"Game Over, Man!",Action/Comedy,23-Mar-2018,101,5.4,English
Guilty,Thriller,6-Mar-2020,119,5.4,Hindi
In the Tall Grass,Horror,4-Oct-2019,101,5.4,English
Madame Claude,Drama,2-Apr-2021,112,5.4,French
Naked,Comedy,11-Aug-2017,96,5.4,English
Outside the Wire,Action/Science fiction,15-Jan-2021,114,5.4,English
The Princess Switch: Switched Again,Romantic comedy,19-Nov-2020,97,5.4,English
Under the Riccione Sun,Romantic teenage drama,1-Jul-2020,101,5.4,Italian
A Very Murray Christmas,Comedy / Musical,4-Dec-2015,56,5.5,English
Been So Long,Musical,26-Oct-2018,100,5.5,English
Dead Kids,Thriller,1-Dec-2019,94,5.5,Filipino
Get the Grift,Comedy,28-Apr-2021,94,5.5,Portuguese
Ghosts of Sugar Land,Documentary,October 16. 2019,21,5.5,English
House Arrest,Comedy,15-Nov-2019,104,5.5,Hindi
Kevin Hart's Guide to Black History,Variety show,8-Feb-2019,63,5.5,English
Love Wedding Repeat,Romantic comedy,10-Apr-2020,100,5.5,English
Mute,Science fiction/Mystery,23-Feb-2018,126,5.5,English
Ňlňt?ré,Crime drama,2-Oct-2020,106,5.5,English
Red Dot,Thriller,11-Feb-2021,86,5.5,Swedish
Ride or Die,Psychological thriller drama,15-Apr-2021,142,5.5,Japanese
Step Sisters,Comedy,19-Jan-2018,108,5.5,English
The Cloverfield Paradox,Science fiction,4-Feb-2018,102,5.5,English
The Knight Before Christmas,Romantic comedy,21-Nov-2019,92,5.5,English
The Legacy of a Whitetail Deer Hunter,Adventure/Comedy,6-Jul-2018,83,5.5,English
The Package,Black comedy,10-Aug-2018,94,5.5,English
Unicorn Store,Comedy,5-Apr-2019,92,5.5,English
Wine Country,Comedy,10-May-2019,103,5.5,English
Bomb Scared,Black comedy,12-Oct-2017,89,5.6,Spanish/Basque
Brahman Naman,Comedy,7-Jul-2016,95,5.6,English
Double Dad,Comedy-drama,15-Jan-2021,103,5.6,Portuguese
Falling Inn Love,Romantic comedy,29-Aug-2019,97,5.6,English
Hold the Dark,Thriller,28-Sep-2018,125,5.6,English
"Love, Guaranteed",Romantic comedy,3-Sep-2020,91,5.6,English
One-Way to Tomorrow,Romance,19-Jun-2020,90,5.6,Turkish
Sarah Cooper: Everything's Fine,Variety show,27-Oct-2020,49,5.6,English
The Last Laugh,Comedy-drama,11-Jan-2019,98,5.6,English
The Last Paradiso,Romantic drama,5-Feb-2021,107,5.6,Italian
The Midnight Sky,Science fiction,23-Dec-2020,118,5.6,English
The Paramedic,Thriller,16-Sep-2020,94,5.6,Spanish
The Sleepover,Comedy,21-Aug-2020,103,5.6,English
Vampires vs. the Bronx,Horror comedy,2-Oct-2020,86,5.6,English
Why Did You Kill Me?,Documentary,14-Apr-2021,83,5.6,English
A Week Away,Christian musical,26-Mar-2021,97,5.7,English
Caught by a Wave,Romantic teen drama,25-Mar-2021,99,5.7,Italian
Christmas Inheritance,Romantic drama,15-Dec-2017,104,5.7,English
Dad Wanted,Family,11-Sep-2020,102,5.7,Spanish
El Camino Christmas,Dark comedy,8-Dec-2017,89,5.7,English
Eli,Horror,18-Oct-2019,98,5.7,English
Ginny Weds Sunny,Romantic comedy,9-Oct-2020,125,5.7,Hindi
Good Sam,Drama,16-May-2019,89,5.7,English
Lionheart,Comedy,4-Jan-2019,94,5.7,English
Little Evil,Comedy horror,1-Sep-2017,94,5.7,English
One Take,Documentary,18-Jun-2020,85,5.7,Thai
"Out of Many, One",Documentary,12-Dec-2018,34,5.7,English
Point Blank,Action,12-Jul-2019,86,5.7,English
Prime Time,Thriller,14-Apr-2021,91,5.7,Polish
The Do-Over,Action comedy,27-May-2016,108,5.7,English
The Holiday Calendar,Romantic comedy,2-Nov-2018,95,5.7,English
The Woman in the Window,Psychological thriller,14-May-2021,100,5.7,English
The Wrong Missy,Comedy,13-May-2020,90,5.7,English
Velvet Buzzsaw,Thriller,1-Feb-2019,112,5.7,English
Yes Day,Comedy,12-Mar-2021,86,5.7,English
15-Aug,Comedy-drama,29-Mar-2019,124,5.8,Marathi
A California Christmas,Romantic comedy,14-Dec-2020,107,5.8,English
A Christmas Prince,Romantic comedy,17-Nov-2017,92,5.8,English
All Day and a Night,Drama,1-May-2020,121,5.8,English
American Son,Drama,1-Nov-2019,90,5.8,English
Barry,Biopic,16-Dec-2016,104,5.8,English
Candy Jar,Comedy,27-Apr-2018,92,5.8,English
Choked: Paisa Bolta Hai,Drama,5-Jun-2020,114,5.8,Hindi
Class of '83,Drama,21-Aug-2020,98,5.8,Hindi
Extinction,Science fiction/Thriller,27-Jul-2018,95,5.8,English
Happy Anniversary,Romantic comedy,30-Mar-2018,78,5.8,English
I Am All Girls,Thriller,14-May-2021,107,5.8,English
Let It Snow,Romantic comedy,8-Nov-2019,92,5.8,English
Mascots,Mockumentary,13-Oct-2016,95,5.8,English
Operation Christmas Drop,Romantic comedy,5-Nov-2020,96,5.8,English
Rajma Chawal,Comedy-drama,30-Nov-2018,118,5.8,Hindi
Rich in Love,Romantic comedy,30-Apr-2020,105,5.8,Portuguese
Rising High,Satire,17-Apr-2020,94,5.8,German
Rodney King,One-man show,28-Apr-2017,52,5.8,English
Sierra Burgess Is a Loser,Romantic comedy-drama,7-Sep-2018,105,5.8,English
Small Crimes,Dark comedy,28-Apr-2017,95,5.8,English
Special Correspondents,Satire,29-Apr-2016,100,5.8,English
TAU,Science fiction/Thriller,29-Jun-2018,97,5.8,English
The After Party,Comedy,24-Aug-2018,89,5.8,English
The Babysitter: Killer Queen,Comedy/Horror,10-Sep-2020,102,5.8,English
The Claus Family,Fantasy,7-Dec-2020,96,5.8,Dutch
The Kissing Booth 2,Romantic comedy,24-Jul-2020,131,5.8,English
The Perfect Date,Romantic comedy,12-Apr-2019,89,5.8,English
What We Wanted,Drama,11-Nov-2020,93,5.8,German
You've Got This,Romantic comedy,2-Oct-2020,111,5.8,Spanish
6 Balloons,Drama,6-Apr-2018,75,5.9,English
A Fall from Grace,Thriller,17-Jan-2020,120,5.9,English
Amateur,Sports-drama,6-Apr-2018,96,5.9,English
Army of the Dead,Zombie/Heist,21-May-2021,148,5.9,English
Cam,Psychological horror,16-Nov-2018,94,5.9,English
Earthquake Bird,Mystery,15-Nov-2019,107,5.9,English
"Frankenstein's Monster's Monster, Frankenstein",Mockumentary,16-Jul-2019,32,5.9,English
Horse Girl,Drama,7-Feb-2020,104,5.9,English
Notes from Dunblane: Lesson from a School Shooting,Documentary,28-Sep-2018,23,5.9,English
Maska,Romantic comedy,27-Mar-2020,111,5.9,Hindi
The Decline,Thriller,27-Mar-2020,83,5.9,French
The Minimalists: Less Is Now,Documentary,1-Jan-2021,53,5.9,English
The Polka King,Comedy-drama,12-Jan-2018,95,5.9,English
The Prom,Musical,11-Dec-2020,132,5.9,English
True Memoirs of an International Assassin,Action comedy,11-Nov-2016,98,5.9,English
Ultras,Sports film,20-Mar-2020,108,5.9,Italian
Come Sunday,Biopic,13-Apr-2018,106,6,English
Forgive Us Our Debts,Drama,4-May-2018,104,6,Italian
iBoy,Science fiction/Thriller,27-Jan-2017,90,6,English
Lovefucked,Drama,9-Aug-2019,106,6,Hindi
Juanita,Drama,8-Mar-2019,90,6,English
Murder Mystery,Comedy mystery,14-Jun-2019,97,6,English
Project Power,Superhero,14-Aug-2020,113,6,English
Rebecca,Romantic thriller,21-Oct-2020,123,6,English
The Christmas Chronicles: Part Two,Christmas comedy,25-Nov-2020,115,6,English
The Kissing Booth,Romantic comedy,11-May-2018,105,6,English
The Princess Switch,Romantic comedy,16-Nov-2018,101,6,English
To All the Boys: P.S. I Still Love You,Romantic comedy,12-Feb-2020,102,6,English
War Machine,War-Comedy,26-May-2017,122,6,English
6 Underground,Action,13-Dec-2019,128,6.1,English
Between Two Ferns: The Movie,Comedy,20-Sep-2019,82,6.1,English
Burning Sands,Drama,10-Mar-2017,102,6.1,English
Casting JonBenet,Documentary,28-Apr-2017,80,6.1,English
Deidra & Laney Rob a Train,Drama,17-Mar-2017,94,6.1,English
Finding 'Ohana,Family,29-Jan-2021,123,6.1,English
Holidate,Romantic comedy/Holiday,28-Oct-2020,104,6.1,English
Holiday in the Wild,Adventure-romance,1-Nov-2019,85,6.1,English
Hot Girls Wanted,Documentary,29-May-2015,84,6.1,English
Like Father,Comedy,3-Aug-2018,103,6.1,English
Lost Girls,Crime drama,13-Mar-2020,95,6.1,English
Otherhood,Comedy,2-Aug-2019,100,6.1,English
Pee-wee's Big Holiday,Adventure,18-Mar-2016,89,6.1,English
Rogue City,Crime drama,30-Oct-2020,116,6.1,French
Sergio,Biopic,17-Apr-2020,118,6.1,English
Stuck Apart,Drama,8-Jan-2021,96,6.1,Turkish
Tersanjung the Movie,Drama,1-Apr-2021,114,6.1,Indonesian
The Killer,Western,10-Nov-2017,99,6.1,Portuguese
The Lovebirds,Romantic comedy,22-May-2020,87,6.1,English
The Most Hated Woman in America,Biopic,24-Mar-2017,92,6.1,English
The Perfection,Horror-thriller,24-May-2019,90,6.1,English
Tribhanga – Tedhi Medhi Crazy,Drama,15-Jan-2021,95,6.1,Hindi
Unknown Origins,Thriller,28-Aug-2020,96,6.1,Spanish
Work It,Dance comedy,7-Aug-2020,93,6.1,English
Alien Xmas,Stop Motion,20-Nov-2020,42,6.2,English
Baggio: The Divine Ponytail,Biopic,26-May-2021,92,6.2,Italian
Below Zero,Drama,29-Jan-2021,106,6.2,Spanish
Citation,Drama,6-Nov-2020,151,6.2,English
Crazy Awesome Teachers,Comedy-drama,17-Aug-2020,101,6.2,Indonesian
Have You Ever Seen Fireflies?,Comedy,9-Apr-2021,114,6.2,Turkish
High Flying Bird,Sports-drama,8-Feb-2019,90,6.2,English
In the Shadow of the Moon,Thriller,27-Sep-2019,115,6.2,English
Lost Bullet,Thriller,19-Jun-2020,92,6.2,French
Octonauts & the Caves of Sac Actun,Animation,14-Aug-2020,72,6.2,English
Offering to the Storm,Thriller,24-Jul-2020,139,6.2,Spanish
Roxanne Roxanne,Biopic,23-Mar-2018,98,6.2,English
Someone Great,Romantic comedy,19-Apr-2019,92,6.2,English
Spenser Confidential,Action comedy,6-Mar-2020,111,6.2,English
The Land of Steady Habits,Drama,14-Sep-2018,98,6.2,English
The Rachel Divide,Documentary,27-Apr-2018,104,6.2,English
Voyuer ,Documentary,1-Dec-2017,95,6.2,English
Win It All,Comedy,7-Apr-2017,88,6.2,English
1922,Horror/Crime drama,20-Oct-2017,102,6.3,English
A Tale of Two Kitchens,Documentary,22-May-2019,30,6.3,English/Spanish
Alex Strangelove,Romantic comedy,8-Jun-2018,99,6.3,English
Apostle,Horror-thriller,12-Oct-2018,129,6.3,English
Benji,Family film,16-Mar-2018,87,6.3,English
Bright,Urban fantasy,22-Dec-2017,117,6.3,English
Cargo,Drama/Horror,18-May-2018,104,6.3,English
Concrete Cowboy,Drama,2-Apr-2021,111,6.3,English
Feel the Beat,Family/Comedy-drama,19-Jun-2020,107,6.3,English
Get the Goat,Comedy,18-Mar-2021,97,6.3,Portuguese
I Am Not an Easy Man,Romantic comedy,13-Apr-2018,98,6.3,French
June & Kopi,Drama,28-Jan-2021,90,6.3,Indonesian
Music Teacher,Drama,19-Apr-2019,101,6.3,Hindi
Nail Bomber: Manhunt,Documentary,26-May-2021,72,6.3,English
Notes for My Son,Drama,24-Nov-2020,83,6.3,Spanish
Polar,Action,25-Jan-2019,118,6.3,English
Porta dos Fundos: The Last Hangover,Comedy,21-Dec-2018,44,6.3,Portuguese
Sand Castle,War,21-Apr-2017,113,6.3,English
Shimmer Lake,Crime thriller,9-Jun-2017,86,6.3,English
Spectral,Science fiction/Action,9-Dec-2016,108,6.3,English
The Babysitter,Teen comedy horror,13-Oct-2017,85,6.3,English
The Discovery,Science fiction/Drama,31-Mar-2017,102,6.3,English
The Forest of Love,Drama,11-Oct-2019,151,6.3,Japanese
The Laundromat,Comedy-drama,18-Oct-2019,98,6.3,English
The Legend of Cocaine Island,Documentary,29-Mar-2019,87,6.3,English
The Outsider,Crime drama,9-Mar-2018,120,6.3,English/Japanese
Time to Hunt,Thriller,23-Apr-2020,134,6.3,Korean
To All the Boys: Always and Forever,Romantic comedy,12-Feb-2021,109,6.3,English
Travis Scott: Look Mom I Can Fly,Documentary,28-Aug-2019,85,6.3,English
Uncorked,Drama,27-Mar-2020,103,6.3,English
Anelka: Misunderstood,Documentary,5-Aug-2020,94,6.4,French
"Ariana Grande: Excuse Me, I Love You",Concert Film,21-Dec-2020,97,6.4,English
ARQ,Science fiction/Thriller,16-Sep-2016,88,6.4,English
Birders,Documentary,25-Sep-2019,37,6.4,English/Spanish
Como Caído del Cielo,Musical comedy,24-Dec-2019,112,6.4,Spanish
First Match,Sports-drama,30-Mar-2018,102,6.4,English
Fractured,Thriller,11-Oct-2019,100,6.4,English
Irreplaceable You,Drama,16-Feb-2018,96,6.4,English
Isi & Ossi,Romantic comedy,14-Feb-2020,113,6.4,German
John Was Trying to Contact Aliens,Documentary,20-Aug-2020,16,6.4,English
Layla Majnun,Romantic drama,11-Feb-2021,119,6.4,Indonesian
Murder to Mercy: The Cyntoia Brown Story,Documentary,29-Apr-2020,97,6.4,English
My Own Man,Documentary,13-Dec-2014,81,6.4,English
Nappily Ever After,Comedy-drama,21-Sep-2018,98,6.4,English
Over the Moon,Animation/Musical/Adventure,23-Oct-2020,95,6.4,English
Street Flow,Drama,12-Oct-2019,96,6.4,French
Strong Island,Documentary,September 15. 2017,107,6.4,English
Sturgill Simpson Presents: Sound & Fury,Animation / Musicial,27-Sep-2019,41,6.4,English
Take Your Pills,Documentary,16-Mar-2018,87,6.4,English
The Heartbreak Club,Comedy-drama,14-Jan-2021,101,6.4,Indonesian
The Mars Generation,Documentary,5-May-2017,97,6.4,English
The Occupant,Thriller,25-Mar-2020,103,6.4,Spanish
The Willoughbys,Animation/Comedy/Adventure,22-Apr-2020,90,6.4,English
Triple Frontier,Action-thriller,13-Mar-2019,125,6.4,English
Two Catalonias,Documentary,28-Sep-2018,116,6.4,Spanish/Catalan
Walk. Ride. Rodeo.,Drama,8-Mar-2019,99,6.4,English
Wheelman,Action thriller,20-Oct-2017,82,6.4,English
When We First Met,Romantic comedy,9-Feb-2018,97,6.4,English
A 3 Minute Hug,Documentary,28-Oct-2019,28,6.5,English/Spanish
All the Bright Places,Romance,28-Feb-2020,108,6.5,English
All Together Now,Drama,28-Aug-2020,93,6.5,English
Altered Carbon: Resleeved,Anime/Science fiction,19-Mar-2020,74,6.5,Japanese
Antoine Griezmann: The Making of a Legend,Documentary,21-Mar-2019,60,6.5,French
Canvas ,Animation / Short,11-Dec-2020,9,6.5,English
Chadwick Boseman: Portrait of an Artist,Documentary,17-Apr-2021,21,6.5,English
Chopsticks,Comedy,31-May-2019,100,6.5,Hindi
Da 5 Bloods,War drama,12-Jun-2020,155,6.5,English
Dolly Parton: A MusiCares Tribute,Documentary,7-Apr-2021,55,6.5,English
Eurovision Song Contest: The Story of Fire Saga,Musical comedy,26-Jun-2020,123,6.5,English
Gerald's Game,Horror thriller,29-Sep-2017,103,6.5,English
His House,Thriller,30-Oct-2020,93,6.5,English
Jingle Jangle: A Christmas Journey,Family/Christmas musical,13-Nov-2020,119,6.5,English
Life Overtakes Me,Documentary,14-Jun-2019,40,6.5,English/Swedish
Lust Stories,Drama,15-Jun-2018,120,6.5,Hindi
Monster,Drama,7-May-2021,98,6.5,English
Mowgli: Legend of the Jungle,Adventure,7-Dec-2018,104,6.5,English
Nobody Knows I'm Here,Drama,24-Jun-2020,91,6.5,Spanish
Nobody Speak: Trials of the Free Press,Documentary,23-Jun-2017,95,6.5,English
Oxygen,Science fiction thriller,12-May-2021,101,6.5,French
Set It Up,Romantic comedy,15-Jun-2018,105,6.5,English
The Incredible Jessica James,Comedy,28-Jul-2017,83,6.5,English
Tigertail,Drama,10-Apr-2020,91,6.5,English/Taiwanese/Mandarin
Tramps,Romance,21-Apr-2017,83,6.5,English
What Did Jack Do?,Drama / Short,20-Jan-2020,17,6.5,English
Bad Trip,Hidden-camera prank comedy,26-Mar-2021,86,6.6,English
Bird Box,Psychological thriller,21-Dec-2018,124,6.6,English
Bulbbul,Horror,24-Jun-2020,94,6.6,Hindi
Crazy About Her,Romantic comedy,26-Feb-2021,102,6.6,Spanish
Elisa & Marcela,Romance,7-Jun-2019,118,6.6,Spanish
I'll Sleep When I'm Dead,Documentary,19-Aug-2016,79,6.6,English
I'm Thinking of Ending Things,Psychological thriller,4-Sep-2020,134,6.6,English
It Takes a Lunatic,Documentary,25-Oct-2019,126,6.6,English
Milestone,Drama,7-May-2021,98,6.6,Hindi
Recovery Boys,Documentary,29-Jun-2018,89,6.6,English
ReMastered: Who Killed Jam Master Jay?,Documentary,7-Dec-2018,58,6.6,English
Shawn Mendes: In Wonder,Documentary,23-Nov-2020,83,6.6,English
Space Sweepers,Science fiction,5-Feb-2021,136,6.6,Korean
The American Meme,Documentary,7-Dec-2018,98,6.6,English
The Angel,Spy thriller,14-Sep-2018,114,6.6,English
The Crimes That Bind,Crime drama,20-Aug-2020,99,6.6,Spanish
The Red Sea Diving Resort,Spy thriller,31-Jul-2019,130,6.6,English
What Would Sophia Loren Do?,Documentary,15-Jan-2021,32,6.6,English
A Whisker Away,Anime/Fantasy,18-Jun-2020,104,6.7,Japanese
Ajeeb Daastaans,Drama,16-Apr-2021,142,6.7,Hindi
Arlo the Alligator Boy,Animated musical comedy,16-Apr-2021,92,6.7,English
"Bikram: Yogi, Guru, Predator",Documentary,20-Nov-2019,86,6.7,English
Blame!,Anime/Science fiction,20-May-2017,106,6.7,Japanese
Blue Miracle,Drama,27-May-2021,95,6.7,English
CounterPunch ,Documentary,16-Jun-2017,91,6.7,English
"Crack: Cocaine, Corruption & Conspiracy",Documentary,11-Jan-2021,89,6.7,English
Extraction,Action,24-Apr-2020,117,6.7,English
Giving Voice,Documentary,11-Dec-2020,90,6.7,English
Hillbilly Elegy,Drama,24-Nov-2020,117,6.7,English
Hope Frozen: A Quest to Live Twice,Documentary,15-Sep-2020,80,6.7,Thia/English
Imperial Dreams,Drama,3-Feb-2017,87,6.7,English
Just Another Christmas,Comedy,3-Dec-2020,101,6.7,Portuguese
Little Miss Sumo,Documentary,28-Oct-2019,19,6.7,Japanese
Malcolm & Marie,Romantic drama,5-Feb-2021,106,6.7,English
"Michael Bolton's Big, Sexy, Valentine's Day Special",Variety Show,7-Feb-2017,54,6.7,English
Moxie,Drama,3-Mar-2021,111,6.7,English
Night in Paradise,Drama,9-Apr-2021,132,6.7,Korean
Paper Lives,Drama,12-Mar-2021,97,6.7,Turkish
Parchis: The Documentary,Documentary,10-Jul-2019,106,6.7,Spanish
Tallulah,Comedy-drama,29-Jul-2016,111,6.7,English
The Old Guard,Superhero/Action,10-Jul-2020,124,6.7,English
Tony Robbins: I Am Not Your Guru,Documentary,July 15. 2016,116,6.7,English
Upstarts,Drama,18-Oct-2019,112,6.7,Hindi
22-Jul,Drama,10-Oct-2018,144,6.8,English
7 ańos,Drama,28-Oct-2016,76,6.8,Spanish
A Futile and Stupid Gesture,Biographical/Comedy,26-Jan-2018,101,6.8,English
A Life of Speed: The Juan Manuel Fangio Story,Documentary,20-Mar-2020,92,6.8,Spanish
A Love Song for Latasha,Documentary,21-Sep-2020,19,6.8,English
All in My Family,Documentary,3-May-2019,39,6.8,English/Mandarin
Always Be My Maybe,Romantic comedy,31-May-2019,102,6.8,English
Becoming,Documentary,6-May-2020,89,6.8,English
Long Live Brij Mohan,Comedy,3-Aug-2018,105,6.8,Hindi
Calibre,Thriller,29-Jun-2018,101,6.8,English
Death to 2020,Comedy,27-Dec-2020,70,6.8,English
GIMS: On the Record,Documentary,17-Sep-2020,96,6.8,French
Have a Good Trip: Adventures in Psychedelics,Documentary,11-May-2020,85,6.8,English
Heroin(e) ,Documentary,12-Sep-2017,39,6.8,English
Mercury 13,Documentary,20-Apr-2018,79,6.8,English
Saving Capitalism,Documentary,21-Nov-2017,73,6.8,English
Serious Men,Drama,2-Oct-2020,114,6.8,Hindi
The Boys in the Band,Drama,30-Sep-2020,121,6.8,English
The Boys in the Band: Something Personal,Aftershow / Interview,30-Sep-2020,28,6.8,English
The Life Ahead,Drama,13-Nov-2020,95,6.8,Italian
The Other Side of the Wind,Drama,2-Nov-2018,122,6.8,English
The Trader,Documentary,9-Feb-2018,23,6.8,Georgian
To the Bone,Drama,14-Jul-2017,107,6.8,English
Tony Parker: The Final Shot,Documentary,6-Jan-2021,98,6.8,French
AK vs AK,Thriller,24-Dec-2020,108,6.9,Hindi
Amanda Knox,Documentary,30-Sep-2016,92,6.9,English
Bigflo & Oil: Hip Hop Frenzy,Documentary,8-Oct-2020,100,6.9,French
Biggie: I Got a Story to Tell,Documentary,1-Mar-2021,97,6.9,English
Cops and Robbers,Animation / Short,28-Dec-2020,7,6.9,English
I Don't Feel at Home in This World Anymore,Drama,24-Feb-2017,96,6.9,English
Laerte-se,Documentary,19-May-2017,100,6.9,Portuguese
Mank,Biopic,4-Dec-2020,132,6.9,English
Our Souls at Night,Romance,29-Sep-2017,103,6.9,English
Outlaw King,Historical-epic,9-Nov-2018,121,6.9,English
Pagglait,Comedy-drama,26-Mar-2021,114,6.9,Hindi
ReMastered: Who Shot the Sheriff?,Documentary,12-Oct-2018,57,6.9,English
Seeing Allred,Documentary,9-Feb-2018,95,6.9,English
Spelling the Dream,Documentary,3-Jun-2020,83,6.9,English
The Claudia Kishi Club,Documentary,10-Jul-2020,17,6.9,English
The Half of It,Romance,1-May-2020,105,6.9,English
The Highwaymen,Crime drama,29-Mar-2019,131,6.9,English
The Lonely Island Presents: The Unauthorized Bash Brothers Experience,Comedy / Musical,23-May-2019,30,6.9,English
The Meyerowitz Stories (New and Selected),Comedy-drama,13-Oct-2017,112,6.9,English
Feminists: What Were They Thinking?,Documentary,12-Oct-2018,86,7,English
Gaga: Five Foot Two,Documentary,22-Sep-2017,100,7,English
I'm No Longer Here: A Discussion with Guillermo del Toro and Alfonso Cuaron,Aftershow / Interview,3-Nov-2020,14,7,English
Kingdom of Us,Documentary,13-Oct-2017,109,7,English
"Lorena, Light-Footed Woman",Documentary,20-Nov-2019,28,7,Spanish
Los Tigres del Norte at Folsom Prison,Documentary,15-Sep-2019,64,7,Spanish
Ma Rainey's Black Bottom,Drama,18-Dec-2020,94,7,English
Ma Rainey's Black Bottom: A Legacy Brought to Screen,Aftershow / Interview,18-Dec-2020,31,7,English
Operation Varsity Blues: The College Admissions Scandal,Documentary,17-Mar-2021,99,7,English
Pele,Documentary,23-Feb-2021,108,7,English
ReMastered: Devil at the Crossroads,Documentary,26-Apr-2019,48,7,English
ReMastered: The Lion's Share,Documentary,17-May-2019,84,7,English
ReMastered: The Miami Showband Massacre,Documentary,22-Mar-2019,70,7,English
Resurface,Documentary,1-Sep-2017,27,7,English
Rocko's Modern Life: Static Cling,Animation / Comedy,9-Aug-2019,45,7,English
Rose Island,Comedy,9-Dec-2020,117,7,Italian
The Christmas Chronicles,Christmas/Fantasy/Adventure/Comedy,22-Nov-2018,104,7,English
The Dirt,Biopic,22-Mar-2019,108,7,English
The Night Comes for Us,Action-thriller,19-Oct-2018,121,7,Indonesian
13th: A Conversation with Oprah Winfrey & Ava DuVernay,Aftershow / Interview,26-Jan-2017,36,7.1,English
Angela's Christmas,Animation,30-Nov-2018,30,7.1,English
Angela's Christmas Wish,Animation,1-Dec-2020,47,7.1,English
Beats,Drama,19-Jun-2019,110,7.1,English
Circus of Books,Documentary,22-Apr-2020,92,7.1,English
Dance Dreams: Hot Chocolate Nutcracker,Documentary,27-Nov-2020,80,7.1,English
Derren Brown: Sacrifice,Mentalism special,19-Oct-2018,49,7.1,English
El Pepe: A Supreme Life,Documentary,27-Dec-2019,73,7.1,Spanish
End Game,Documentary,4-May-2018,40,7.1,English
Evelyn,Documentary,10-Sep-2019,96,7.1,English
Ferry,Crime drama,14-May-2021,106,7.1,Dutch
Grass Is Greener,Documentary,20-Apr-2019,97,7.1,English
Guillermo Vilas: Settling the Score,Documentary,27-Oct-2020,94,7.1,Spanish
Joshua: Teenager vs. Superpower,Documentary,26-May-2017,78,7.1,English
Keith Richards: Under the Influence,Documentary,18-Sep-2015,81,7.1,English
Knock Down the House,Documentary,1-May-2019,87,7.1,English
Loudon Wainwright III: Surviving Twin,One-man show,13-Nov-2018,91,7.1,English
My Beautiful Broken Brain,Documentary,18-Mar-2016,91,7.1,English
One of Us,Documentary,20-Oct-2017,95,7.1,English
Pieces of a Woman,Drama,7-Jan-2021,126,7.1,English
"Ram Dass, Going Home",Documentary,6-Apr-2018,31,7.1,English
ReMastered: Tricky Dick & the Man in Black,Documentary,2-Nov-2018,58,7.1,English
Rooting for Roona,Documentary,15-Oct-2020,41,7.1,Bengali
The Devil All the Time,Psychological thriller,16-Sep-2020,138,7.1,English
The Dig,Drama,29-Jan-2021,112,7.1,English
The Great Hack,Documentary,24-Jul-2019,114,7.1,English
The White Tiger,Drama,22-Jan-2021,125,7.1,English
To All the Boys I've Loved Before,Romantic comedy,17-Aug-2018,99,7.1,English
American Murder: The Family Next Door,Documentary,30-Sep-2020,82,7.2,English
Audrie & Daisy,Documentary,23-Sep-2016,98,7.2,English
First They Killed My Father,Drama,15-Sep-2017,136,7.2,Khmer/English/French
Fyre: The Greatest Party That Never Happened,Documentary,18-Jan-2019,97,7.2,English
Into the Inferno,Documentary,28-Oct-2016,107,7.2,English
LA Originals,Documentary,10-Apr-2020,92,7.2,English
Ladies First,Documentary,8-Mar-2018,39,7.2,English/Hindi
Love per Square Foot,Romantic comedy,14-Feb-2018,133,7.2,Hindi
Paddleton,Drama-Comedy,22-Feb-2019,89,7.2,English
Private Life,Drama,5-Oct-2018,124,7.2,English
Seventeen,Coming-of-age comedy-drama,18-Oct-2019,99,7.2,Spanish
Sometimes,Drama,1-May-2018,101,7.2,Tamil
Soni,Crime drama,18-Jan-2019,97,7.2,Hindi
The 40-Year-Old Version,Comedy,9-Oct-2020,124,7.2,English
The Disciple,Drama,30-Apr-2021,129,7.2,Marathi
The Edge of Democracy,Documentary,19-Jun-2019,121,7.2,Portuguese
The King,Historical drama,1-Nov-2019,140,7.2,English
The Road to El Camino: A Breaking Bad Movie,Making-of,29-Oct-2019,13,7.2,English
The Siege of Jadotville,War,7-Oct-2016,108,7.2,English
Zion ,Documentary,10-Aug-2018,11,7.2,English
Dolemite Is My Name,Biopic,25-Oct-2019,118,7.3,English
El Camino: A Breaking Bad Movie,Crime drama,11-Oct-2019,121,7.3,English
Extremis,Documentary,13-Sep-2016,24,7.3,English
Father Soldier Son,Documentary,17-Jul-2020,100,7.3,English
Get Me Roger Stone,Documentary,12-May-2017,101,7.3,English
I'm No Longer Here,Drama,27-May-2020,105,7.3,Spanish
Mucho Mucho Amor: The Legend of Walter Mercado ,Documentary,8-Jul-2020,96,7.3,Spanish/English
Octonauts & the Great Barrier Reef,Animation,13-Oct-2020,47,7.3,English
Okja,Action-adventure,28-Jun-2017,121,7.3,English/Korean
On My Skin,Crime drama,12-Sep-2018,100,7.3,Italian
Raat Akeli Hai,Thriller,31-Jul-2020,149,7.3,Hindi
ReMastered: Massacre at the Stadium,Documentary,11-Jan-2019,64,7.3,English/Spanish
ReMastered: The Two Killings of Sam Cooke,Documentary,8-Feb-2019,64,7.3,English
Secrets of the Saqqara Tomb,Documentary,28-Oct-2020,114,7.3,English/Arabic
Sitara: Let Girls Dream,Animation / Short,8-Mar-2020,15,7.3,English
Sky Ladder: The Art of Cai Guo-Qiang,Documentary,14-Oct-2016,79,7.3,English/Mandarin
Team Foxcatcher,Documentary,29-Apr-2016,90,7.3,English/Russian
The Ballad of Buster Scruggs,Western,16-Nov-2018,132,7.3,English
The Death and Life of Marsha P. Johnson,Documentary,6-Oct-2017,105,7.3,English
The Fundamentals of Caring,Comedy-drama,24-Jun-2016,97,7.3,English
The Other One: The Long Strange Trip of Bob Weir,Documentary,22-May-2015,83,7.3,English
American Factory,Documentary,21-Aug-2019,110,7.4,English
Fire in Paradise,Documentary,1-Nov-2019,39,7.4,English
Long Shot,Documentary,29-Sep-2017,40,7.4,English
Miss Americana,Documentary,31-Jan-2020,85,7.4,English
Period. End of Sentence.,Documentary,12-Feb-2019,26,7.4,English/Hindi
Shawn Mendes: Live in Concert,Concert Film,25-Nov-2020,87,7.4,English
Shirkers,Documentary,26-Oct-2018,97,7.4,English
The Black Godfather,Documentary,7-Jun-2019,118,7.4,English
The Irishman: In Conversation,Aftershow / Interview,27-Nov-2019,23,7.4,English
The Speed Cubers,Documentary,29-Jul-2020,40,7.4,English
They'll Love Me When I'm Dead,Documentary,2-Nov-2018,98,7.4,English
Tig,Documentary,17-Jul-2015,80,7.4,English
"Barbra: The Music, The Mem'ries, The Magic!",Concert Film,22-Nov-2017,108,7.5,English
Blackpink: Light Up the Sky,Documentary,14-Oct-2020,79,7.5,Korean
City of Joy,Documentary,7-Sep-2018,74,7.5,English
Dick Johnson Is Dead,Documentary,2-Oct-2020,90,7.5,English
Homecoming: A Film by Beyonce ,Documentary,17-Apr-2019,137,7.5,English
Invader Zim: Enter the Florpus,Animation / Science Fiction,16-Aug-2019,71,7.5,English
Joan Didion: The Center Will Not Hold,Documentary,October 27. 2017,98,7.5,English
John Mulaney & the Sack Lunch Bunch,Variety show,24-Dec-2019,70,7.5,English
Reversing Roe,Documentary,13-Sep-2018,99,7.5,English
The White Helmets,Documentary,September 16. 2016,40,7.5,English
Athlete A,Documentary,24-Jun-2020,104,7.6,English
Ludo,Anthology/Dark comedy,12-Nov-2020,149,7.6,Hindi
Quincy,Documentary,21-Sep-2018,124,7.6,English
Rolling Thunder Revue: A bob Dylan Story by Martin Scorsere,Documentary,12-Jun-2019,144,7.6,English
Tell Me Who I Am,Documentary,18-Oct-2019,85,7.6,English
The Bleeding Edge,Documentary,27-Jul-2018,100,7.6,English
The Social Dilemma,Documentary,9-Sep-2020,94,7.6,English
The Two Popes,Drama,20-Dec-2019,125,7.6,English
"What Happened, Miss Simone?",Documentary,26-Jun-2015,84,7.6,English
Yeh Ballet,Drama,21-Feb-2020,117,7.6,Hindi
Anima,Musical / Short,27-Jun-2019,15,7.7,English
Beasts of No Nation,War drama,16-Oct-2015,136,7.7,English/Akan
Brene Brown: The Call to Courage,Documentary,19-Apr-2019,76,7.7,English
Crip Camp: A Disability Revolution,Documentary,25-Mar-2020,108,7.7,English
"Jim & Andy: The Great Beyond - Featuring a Very Special, Contractually Obligated Mention of Tony Cliffton ",Documentary,17-Nov-2017,94,7.7,English
Justin Timberlake + The Tennessee Kids,Concert Film,12-Oct-2016,90,7.7,English
Road to Roma,Making-of,11-Feb-2020,72,7.7,Spanish
Roma,Drama,14-Dec-2018,135,7.7,Spanish
If Anything Happens I Love You,Animation / Short,20-Nov-2020,12,7.8,English
The Irishman,Crime drama,27-Nov-2019,209,7.8,English
The Trial of the Chicago 7,Drama,16-Oct-2020,130,7.8,English
A Secret Love,Documentary,29-Apr-2020,82,7.9,English
Icarus,Documentary,4-Aug-2017,120,7.9,English
Marriage Story,Drama,6-Dec-2019,136,7.9,English
The Ivory Game,Documentary,4-Nov-2016,112,7.9,English
Struggle: The Life and Lost Art of Szukaiski,Documentary,21-Dec-2018,105,8,English
Chasing Coral ,Documentary,14-Jul-2017,89,8.1,English
My Octopus Teacher,Documentary,7-Sep-2020,85,8.1,English
Rising Phoenix,Documentary,26-Aug-2020,106,8.1,English
13th,Documentary,7-Oct-2016,100,8.2,English
Disclosure: Trans Lives on Screen,Documentary,19-Jun-2020,107,8.2,English
Klaus,Animation/Christmas/Comedy/Adventure,15-Nov-2019,97,8.2,English
Seaspiracy,Documentary,24-Mar-2021,89,8.2,English
The Three Deaths of Marisela Escobedo,Documentary,14-Oct-2020,109,8.2,Spanish
Cuba and the Cameraman ,Documentary,24-Nov-2017,114,8.3,English
Dancing with the Birds,Documentary,23-Oct-2019,51,8.3,English
Ben Platt: Live from Radio City Music Hall,Concert Film,20-May-2020,85,8.4,English
Taylor Swift: Reputation Stadium Tour,Concert Film,31-Dec-2018,125,8.4,English
Winter on Fire: Ukraine's Fight for Freedom,Documentary,9-Oct-2015,91,8.4,English/Ukranian/Russian
Springsteen on Broadway,One-man show,16-Dec-2018,153,8.5,English
Emicida: AmarElo - It's All For Yesterday,Documentary,8-Dec-2020,89,8.6,Portuguese
David Attenborough: A Life on Our Planet,Documentary,4-Oct-2020,83,9,English
